transaction_id,merchant_id,has_cbk
21320398,29744,TRUE
21320399,92895,TRUE
21320400,47759,TRUE
21320401,68657,TRUE
21320402,54075,TRUE
21320403,59566,TRUE
21320404,20917,TRUE
21320405,56107,TRUE
21320406,56107,TRUE
21320407,56107,TRUE
21320408,36049,TRUE
21320409,32954,TRUE
21320410,22918,TRUE
21320411,56107,TRUE
21320412,54,TRUE
21320413,56107,TRUE
21320414,81316,TRUE
21320415,10016,TRUE
21320416,97583,TRUE
21320417,94325,TRUE
21320418,86777,TRUE
21320419,3788,TRUE
21320420,58185,TRUE
21320421,23451,TRUE
21320422,44519,TRUE
21320423,30180,TRUE
21320424,53816,TRUE
21320425,31644,TRUE
21320426,11470,TRUE
21320427,20498,TRUE
21320428,73271,TRUE
21320429,86777,TRUE
21320430,56977,TRUE
21320431,44529,TRUE
21320432,49710,TRUE
21320433,16136,TRUE
21320434,88619,TRUE
21320435,77233,TRUE
21320436,28785,TRUE
21320437,32384,TRUE
21320438,71094,TRUE
21320439,5868,TRUE
21320440,8377,TRUE
21320441,68953,TRUE
21320442,36258,TRUE
21320443,60510,TRUE
21320444,80642,TRUE
21320445,64641,TRUE
21320446,91072,TRUE
21320447,59574,TRUE
21320448,46182,TRUE
21320449,3097,TRUE
21320450,27220,TRUE
21320451,85243,TRUE
21320452,33903,TRUE
21320453,67764,TRUE
21320454,67764,TRUE
21320455,47242,TRUE
21320456,71549,TRUE
21320457,22986,TRUE
21320458,42356,TRUE
21320459,21087,TRUE
21320460,66876,TRUE
21320461,18236,TRUE
21320462,65760,TRUE
21320463,96863,TRUE
21320464,18329,TRUE
21320465,72751,TRUE
21320466,81229,TRUE
21320467,90032,TRUE
21320468,26647,TRUE
21320469,35140,TRUE
21320470,16298,TRUE
21320471,66430,TRUE
21320472,37267,TRUE
21320473,22454,TRUE
21320474,92089,TRUE
21320475,90032,TRUE
21320476,16221,TRUE
21320477,65640,TRUE
21320478,84546,TRUE
21320479,28785,TRUE
21320480,88463,TRUE
21320481,88252,TRUE
21320482,3057,TRUE
21320483,30753,TRUE
21320484,84970,TRUE
21320485,17275,TRUE
21320486,27220,TRUE
21320487,13019,TRUE
21320488,35579,TRUE
21320489,56618,TRUE
21320490,30121,TRUE
21320491,96863,TRUE
21320492,7555,TRUE
21320493,26502,TRUE
21320494,28172,TRUE
21320495,61111,TRUE
21320496,87936,TRUE
21320497,84970,TRUE
21320498,17275,TRUE
21320499,84078,TRUE
21320500,81061,TRUE
21320501,41916,TRUE
21320502,44870,TRUE
21320503,52165,TRUE
21320504,62891,TRUE
21320505,56502,TRUE
21320506,39528,TRUE
21320507,17275,TRUE
21320508,90032,TRUE
21320509,64437,TRUE
21320510,71175,TRUE
21320511,17275,TRUE
21320512,67952,TRUE
21320513,28647,TRUE
21320514,59566,TRUE
21320515,42230,TRUE
21320516,70076,TRUE
21320517,17275,TRUE
21320518,66876,TRUE
21320519,30681,TRUE
21320520,54483,TRUE
21320521,8358,TRUE
21320522,66876,TRUE
21320523,51797,TRUE
21320524,3097,TRUE
21320525,98913,TRUE
21320526,66876,TRUE
21320527,93520,TRUE
21320528,93520,TRUE
21320529,93520,TRUE
21320530,91689,TRUE
21320531,42356,TRUE
21320532,72723,TRUE
21320533,72723,TRUE
21320534,30308,TRUE
21320535,46619,TRUE
21320536,68077,TRUE
21320537,68077,TRUE
21320538,78480,TRUE
21320539,42356,TRUE
21320540,62194,TRUE
21320541,27220,TRUE
21320542,42356,TRUE
21320543,57682,TRUE
21320544,94669,TRUE
21320545,81795,TRUE
21320546,81795,TRUE
21320547,7147,TRUE
21320548,67928,TRUE
21320549,46666,TRUE
21320550,72376,TRUE
21320551,74483,TRUE
21320552,48515,TRUE
21320553,58284,TRUE
21320554,18980,TRUE
21320555,74754,TRUE
21320556,5533,TRUE
21320557,5533,TRUE
21320558,2962,TRUE
21320559,70425,TRUE
21320560,5404,TRUE
21320561,18244,TRUE
21320562,21796,TRUE
21320563,74499,TRUE
21320564,47537,TRUE
21320565,54029,TRUE
21320566,23722,TRUE
21320567,44529,TRUE
21320568,5404,TRUE
21320569,11570,TRUE
21320570,23722,TRUE
21320571,26059,TRUE
21320572,1569,TRUE
21320573,36154,TRUE
21320574,83142,TRUE
21320575,66876,TRUE
21320576,98484,TRUE
21320577,77639,TRUE
21320578,80572,TRUE
21320579,4681,TRUE
21320580,41286,TRUE
21320581,92215,TRUE
21320582,83996,TRUE
21320583,26765,TRUE
21320584,96914,TRUE
21320585,1657,TRUE
21320586,66876,TRUE
21320587,14326,TRUE
21320588,7555,TRUE
21320589,48912,TRUE
21320590,29476,TRUE
21320591,21087,TRUE
21320592,40373,TRUE
21320593,45188,TRUE
21320594,81795,TRUE
21320595,81795,TRUE
21320596,96428,TRUE
21320597,12555,TRUE
21320598,97614,TRUE
21320599,14267,TRUE
21320600,2176,TRUE
21320601,38755,TRUE
21320602,66876,TRUE
21320603,97967,TRUE
21320604,37980,TRUE
21320605,72386,TRUE
21320606,97302,TRUE
21320607,51634,TRUE
21320608,84947,TRUE
21320609,18455,TRUE
21320610,13389,TRUE
21320611,66876,TRUE
21320612,63705,TRUE
21320613,90853,TRUE
21320614,17275,TRUE
21320615,5142,TRUE
21320616,80960,TRUE
21320617,52165,TRUE
21320618,30431,TRUE
21320619,18107,TRUE
21320620,99644,TRUE
21320621,49205,TRUE
21320622,72723,TRUE
21320623,4880,TRUE
21320624,25149,TRUE
21320625,5753,TRUE
21320626,42316,TRUE
21320627,48912,TRUE
21320628,84389,TRUE
21320629,17275,TRUE
21320630,12274,TRUE
21320631,72723,TRUE
21320632,32620,TRUE
21320633,1890,TRUE
21320634,57854,TRUE
21320635,53539,TRUE
21320636,78601,TRUE
21320637,5753,TRUE
21320638,41862,TRUE
21320639,52192,TRUE
21320640,91689,TRUE
21320641,57682,TRUE
21320642,7626,TRUE
21320643,30431,TRUE
21320644,7265,TRUE
21320645,96972,TRUE
21320646,34188,TRUE
21320647,24427,TRUE
21320648,54826,TRUE
21320649,73271,TRUE
21320650,27494,TRUE
21320651,56451,TRUE
21320652,28708,TRUE
21320653,36115,TRUE
21320654,5753,TRUE
21320655,15326,TRUE
21320656,21087,TRUE
21320657,84382,TRUE
21320658,67361,TRUE
21320659,5753,TRUE
21320660,9634,TRUE
21320661,17275,TRUE
21320662,49527,TRUE
21320663,4779,TRUE
21320664,52554,TRUE
21320665,21368,TRUE
21320666,53016,TRUE
21320667,96149,TRUE
21320668,19528,TRUE
21320669,73271,TRUE
21320670,71670,TRUE
21320671,46335,TRUE
21320672,35769,TRUE
21320673,44822,TRUE
21320674,39933,TRUE
21320675,79326,TRUE
21320676,29214,TRUE
21320677,38410,TRUE
21320678,57668,TRUE
21320679,86964,TRUE
21320680,83142,TRUE
21320681,74335,TRUE
21320682,31497,TRUE
21320683,42227,TRUE
21320684,27494,TRUE
21320685,41786,TRUE
21320686,13551,TRUE
21320687,30688,TRUE
21320688,15326,TRUE
21320689,90580,TRUE
21320690,82034,TRUE
21320691,85853,TRUE
21320692,98758,TRUE
21320693,85435,TRUE
21320694,77233,TRUE
21320695,85435,TRUE
21320696,92029,TRUE
21320697,63050,TRUE
21320698,52458,TRUE
21320699,84385,TRUE
21320700,26647,TRUE
21320701,99261,TRUE
21320702,17275,TRUE
21320703,43575,TRUE
21320704,38568,TRUE
21320705,46920,TRUE
21320706,31309,TRUE
21320707,81537,TRUE
21320708,60849,TRUE
21320709,3779,TRUE
21320710,44927,TRUE
21320711,48752,TRUE
21320712,82589,TRUE
21320713,88500,TRUE
21320714,99510,TRUE
21320715,92029,TRUE
21320716,63113,TRUE
21320717,22118,TRUE
21320718,99510,TRUE
21320719,97967,TRUE
21320720,31960,TRUE
21320721,44927,TRUE
21320722,97631,TRUE
21320723,91972,TRUE
21320724,97967,TRUE
21320725,38568,TRUE
21320726,44927,TRUE
21320727,99510,TRUE
21320728,67282,TRUE
21320729,44927,TRUE
21320730,56464,TRUE
21320731,13767,TRUE
21320732,6293,TRUE
21320733,4694,TRUE
21320734,13767,TRUE
21320735,99510,TRUE
21320736,99510,TRUE
21320737,65760,TRUE
21320738,5636,TRUE
21320739,76856,TRUE
21320740,95630,TRUE
21320741,13766,TRUE
21320742,29418,TRUE
21320743,46214,TRUE
21320744,23457,TRUE
21320745,93881,TRUE
21320746,84159,TRUE
21320747,25496,TRUE
21320748,94544,TRUE
21320749,22921,TRUE
21320750,25471,TRUE
21320751,25496,TRUE
21320752,24902,TRUE
21320753,81731,TRUE
21320754,48812,TRUE
21320755,84546,TRUE
21320756,73915,TRUE
21320757,7265,TRUE
21320758,29744,TRUE
21320759,29214,TRUE
21320760,63526,TRUE
21320761,29418,TRUE
21320762,74702,TRUE
21320763,28933,TRUE
21320764,94544,TRUE
21320765,32810,TRUE
21320766,63160,TRUE
21320767,72057,TRUE
21320768,28336,TRUE
21320769,47252,TRUE
21320770,90855,TRUE
21320771,96239,TRUE
21320772,59324,TRUE
21320773,59577,TRUE
21320774,99419,TRUE
21320775,9842,TRUE
21320776,29744,TRUE
21320777,82113,TRUE
21320778,73205,TRUE
21320779,22552,TRUE
21320780,51350,TRUE
21320781,99510,TRUE
21320782,89161,TRUE
21320783,84191,TRUE
21320784,99510,TRUE
21320785,77233,TRUE
21320786,4477,TRUE
21320787,88540,TRUE
21320788,64192,TRUE
21320789,46666,TRUE
21320790,29744,TRUE
21320791,29744,TRUE
21320792,90032,TRUE
21320793,77791,TRUE
21320794,82676,TRUE
21320795,92895,TRUE
21320796,93520,TRUE
21320797,8576,TRUE
21320798,41034,TRUE
21320799,44927,TRUE
21320800,15950,TRUE
21320801,15950,TRUE
21320802,96751,TRUE
21320803,44927,TRUE
21320804,25271,TRUE
21320805,87081,TRUE
21320806,60884,TRUE
21320807,66440,TRUE
21320808,86011,TRUE
21320809,1535,TRUE
21320810,89757,TRUE
21320811,67468,TRUE
21320812,99510,TRUE
21320813,44927,TRUE
21320814,3531,TRUE
21320815,49542,TRUE
21320816,55986,TRUE
21320817,38568,TRUE
21320818,35174,TRUE
21320819,21036,TRUE
21320820,49909,TRUE
21320821,43771,TRUE
21320822,42760,TRUE
21320823,3531,TRUE
21320824,43078,TRUE
21320825,96294,TRUE
21320826,44229,TRUE
21320827,33528,TRUE
21320828,29140,TRUE
21320829,19612,TRUE
21320830,53842,TRUE
21320831,34597,TRUE
21320832,29214,TRUE
21320833,52088,TRUE
21320834,92835,TRUE
21320835,44529,TRUE
21320836,15326,TRUE
21320837,58938,TRUE
21320838,15326,TRUE
21320839,43387,TRUE
21320840,29744,TRUE
21320841,69413,TRUE
21320842,38455,TRUE
21320843,93520,TRUE
21320844,38568,TRUE
21320845,23531,TRUE
21320846,57534,TRUE
21320847,41634,TRUE
21320848,23591,TRUE
21320849,23591,TRUE
21320850,42075,TRUE
21320851,57534,TRUE
21320852,13928,TRUE
21320853,5404,TRUE
21320854,29214,TRUE
21320855,56451,TRUE
21320856,59287,TRUE
21320857,18046,TRUE
21320858,53565,TRUE
21320859,15326,TRUE
21320860,13202,TRUE
21320861,7580,TRUE
21320862,46581,TRUE
21320863,49909,TRUE
21320864,38901,TRUE
21320865,5404,TRUE
21320866,38901,TRUE
21320867,32287,TRUE
21320868,6112,TRUE
21320869,88242,TRUE
21320870,38568,TRUE
21320871,39535,TRUE
21320872,49909,TRUE
21320873,69515,TRUE
21320874,9978,TRUE
21320875,62818,TRUE
21320876,42178,TRUE
21320877,24295,TRUE
21320878,48126,TRUE
21320879,48126,TRUE
21320880,48126,TRUE
21320881,97291,TRUE
21320882,9842,TRUE
21320883,71684,TRUE
21320884,86534,TRUE
21320885,97291,TRUE
21320886,38901,TRUE
21320887,5015,TRUE
21320888,17275,TRUE
21320889,44229,TRUE
21320890,83636,TRUE
21320891,22244,TRUE
21320892,99711,TRUE
21320893,22415,TRUE
21320894,63113,TRUE
21320895,23396,TRUE
21320896,35601,TRUE
21320897,65951,TRUE
21320898,9626,TRUE
21320899,4153,TRUE
21320900,4282,TRUE
21320901,81433,TRUE
21320902,2436,TRUE
21320903,68380,TRUE
21320904,37651,TRUE
21320905,26130,TRUE
21320906,3822,TRUE
21320907,73271,TRUE
21320908,16069,TRUE
21320909,18046,TRUE
21320910,79123,TRUE
21320911,83125,TRUE
21320912,72680,TRUE
21320913,29168,TRUE
21320914,3972,TRUE
21320915,29681,TRUE
21320916,17275,TRUE
21320917,828,TRUE
21320918,18007,TRUE
21320919,58892,TRUE
21320920,24714,TRUE
21320921,33044,TRUE
21320922,73271,TRUE
21320923,67786,TRUE
21320924,26868,TRUE
21320925,15503,TRUE
21320926,40095,TRUE
21320927,59566,TRUE
21320928,6596,TRUE
21320929,13852,TRUE
21320930,217,TRUE
21320931,17275,TRUE
21320932,50512,TRUE
21320933,25580,TRUE
21320934,57420,TRUE
21320935,12247,TRUE
21320936,4153,TRUE
21320937,83283,TRUE
21320938,51744,TRUE
21320939,37339,TRUE
21320940,704,TRUE
21320941,4153,TRUE
21320942,52359,TRUE
21320943,63050,TRUE
21320944,68151,TRUE
21320945,13551,TRUE
21320946,4153,TRUE
21320947,63050,TRUE
21320948,18276,TRUE
21320949,22605,TRUE
21320950,25978,TRUE
21320951,13314,TRUE
21320952,66875,TRUE
21320953,49909,TRUE
21320954,29744,TRUE
21320955,46157,TRUE
21320956,31960,TRUE
21320957,43387,TRUE
21320958,26647,TRUE
21320959,34566,TRUE
21320960,17275,TRUE
21320961,93330,TRUE
21320962,63050,TRUE
21320963,1308,TRUE
21320964,22533,TRUE
21320965,83982,TRUE
21320966,16420,TRUE
21320967,1308,TRUE
21320968,88949,TRUE
21320969,24340,TRUE
21320970,97291,TRUE
21320971,9397,TRUE
21320972,59021,TRUE
21320973,92301,TRUE
21320974,82750,TRUE
21320975,97291,TRUE
21320976,92057,TRUE
21320977,63050,TRUE
21320978,92029,TRUE
21320979,79123,TRUE
21320980,63050,TRUE
21320981,29214,TRUE
21320982,67635,TRUE
21320983,80160,TRUE
21320984,71725,TRUE
21320985,88390,TRUE
21320986,76519,TRUE
21320987,63453,TRUE
21320988,56403,TRUE
21320989,98040,TRUE
21320990,41891,TRUE
21320991,53881,TRUE
21320992,36455,TRUE
21320993,91446,TRUE
21320994,1308,TRUE
21320995,67952,TRUE
21320996,11962,TRUE
21320997,6112,TRUE
21320998,86197,TRUE
21320999,46129,TRUE
21321000,90032,TRUE
21321001,1308,TRUE
21321002,29214,TRUE
21321003,18137,TRUE
21321004,704,TRUE
21321005,53360,TRUE
21321006,28212,TRUE
21321007,29744,TRUE
21321008,38755,TRUE
21321009,69297,TRUE
21321010,7956,TRUE
21321011,17275,TRUE
21321012,34597,TRUE
21321013,89161,TRUE
21321014,44822,TRUE
21321015,71406,TRUE
21321016,26576,TRUE
21321017,97967,TRUE
21321018,38755,TRUE
21321019,90035,TRUE
21321020,59220,TRUE
21321021,94249,TRUE
21321022,91446,TRUE
21321023,921,TRUE
21321024,72751,TRUE
21321025,27089,TRUE
21321026,80155,TRUE
21321027,80155,TRUE
21321028,80155,TRUE
21321029,17275,TRUE
21321030,46129,TRUE
21321031,88540,TRUE
21321032,38964,TRUE
21321033,4131,TRUE
21321034,94035,TRUE
21321035,12942,TRUE
21321036,29214,TRUE
21321037,41537,TRUE
21321038,12299,TRUE
21321039,86032,TRUE
21321040,23327,TRUE
21321041,12010,TRUE
21321042,94371,TRUE
21321043,18768,TRUE
21321044,82983,TRUE
21321045,71121,TRUE
21321046,38513,TRUE
21321047,35530,TRUE
21321048,6674,TRUE
21321049,35379,TRUE
21321050,921,TRUE
21321051,79911,TRUE
21321052,90853,TRUE
21321053,24340,TRUE
21321054,54288,TRUE
21321055,31761,TRUE
21321056,43816,TRUE
21321057,83044,TRUE
21321058,83044,TRUE
21321059,24295,TRUE
21321060,48276,TRUE
21321061,43700,TRUE
21321062,13767,TRUE
21321063,91446,TRUE
21321064,35601,TRUE
21321065,61529,TRUE
21321066,80345,TRUE
21321067,35601,TRUE
21321068,40728,TRUE
21321069,57935,TRUE
21321070,52663,TRUE
21321071,58773,TRUE
21321072,47302,TRUE
21321073,65919,TRUE
21321074,88613,TRUE
21321075,15944,TRUE
21321076,80160,TRUE
21321077,18149,TRUE
21321078,41032,TRUE
21321079,46006,TRUE
21321080,91446,TRUE
21321081,78306,TRUE
21321082,15676,TRUE
21321083,78727,TRUE
21321084,53417,TRUE
21321085,85250,TRUE
21321086,38901,TRUE
21321087,13772,TRUE
21321088,72057,TRUE
21321089,74754,TRUE
21321090,1308,TRUE
21321091,88463,TRUE
21321092,14518,TRUE
21321093,65779,TRUE
21321094,74499,TRUE
21321095,88463,TRUE
21321096,95105,TRUE
21321097,86534,TRUE
21321098,7626,TRUE
21321099,19569,TRUE
21321100,56451,TRUE
21321101,56403,TRUE
21321102,23256,TRUE
21321103,1308,TRUE
21321104,39528,TRUE
21321105,18046,TRUE
21321106,1308,TRUE
21321107,1308,TRUE
21321108,81115,TRUE
21321109,24340,TRUE
21321110,61644,TRUE
21321111,99799,TRUE
21321112,53644,TRUE
21321113,65465,TRUE
21321114,63016,TRUE
21321115,40376,TRUE
21321116,32384,TRUE
21321117,93050,TRUE
21321118,18795,TRUE
21321119,74754,TRUE
21321120,38970,TRUE
21321121,1308,TRUE
21321122,1308,TRUE
21321123,80021,TRUE
21321124,89407,TRUE
21321125,1308,TRUE
21321126,1308,TRUE
21321127,1308,TRUE
21321128,97291,TRUE
21321129,1308,TRUE
21321130,97291,TRUE
21321131,97291,TRUE
21321132,1308,TRUE
21321133,4153,TRUE
21321134,97178,TRUE
21321135,6756,TRUE
21321136,36617,TRUE
21321137,79381,TRUE
21321138,4705,TRUE
21321139,81291,TRUE
21321140,88417,TRUE
21321141,84929,TRUE
21321142,73271,TRUE
21321143,82317,TRUE
21321144,60884,TRUE
21321145,20959,TRUE
21321146,704,TRUE
21321147,36617,TRUE
21321148,81292,TRUE
21321149,4705,TRUE
21321150,44037,TRUE
21321151,50185,TRUE
21321152,4153,TRUE
21321153,36617,TRUE
21321154,48126,TRUE
21321155,4705,TRUE
21321156,48126,TRUE
21321157,704,TRUE
21321158,36617,TRUE
21321159,48126,TRUE
21321160,42178,TRUE
21321161,56857,TRUE
21321162,81795,TRUE
21321163,44229,TRUE
21321164,7960,TRUE
21321165,81795,TRUE
21321166,35610,TRUE
21321167,5252,TRUE
21321168,40332,TRUE
21321169,45421,TRUE
21321170,43410,TRUE
21321171,36218,TRUE
21321172,61353,TRUE
21321173,91446,TRUE
21321174,36617,TRUE
21321175,47759,TRUE
21321176,28785,TRUE
21321177,42812,TRUE
21321178,79362,TRUE
21321179,72386,TRUE
21321180,4705,TRUE
21321181,94493,TRUE
21321182,82317,TRUE
21321183,29140,TRUE
21321184,48524,TRUE
21321185,23459,TRUE
21321186,52717,TRUE
21321187,51575,TRUE
21321188,60526,TRUE
21321189,2126,TRUE
21321190,80345,TRUE
21321191,93881,TRUE
21321192,17275,TRUE
21321193,25471,TRUE
21321194,28265,TRUE
21321195,80787,TRUE
21321196,18267,TRUE
21321197,21281,TRUE
21321198,42178,TRUE
21321199,64167,TRUE
21321200,60526,TRUE
21321201,24487,TRUE
21321202,7246,TRUE
21321203,18267,TRUE
21321204,42178,TRUE
21321205,5753,TRUE
21321206,73271,TRUE
21321207,13772,TRUE
21321208,72386,TRUE
21321209,78654,TRUE
21321210,18267,TRUE
21321211,57964,TRUE
21321212,46609,TRUE
21321213,27089,TRUE
21321214,388,TRUE
21321215,46609,TRUE
21321216,18267,TRUE
21321217,52464,TRUE
21321218,57925,TRUE
21321219,5753,TRUE
21321220,24812,TRUE
21321221,13096,TRUE
21321222,35140,TRUE
21321223,30365,TRUE
21321224,16146,TRUE
21321225,6495,TRUE
21321226,18267,TRUE
21321227,72386,TRUE
21321228,4242,TRUE
21321229,40095,TRUE
21321230,4242,TRUE
21321231,13540,TRUE
21321232,69676,TRUE
21321233,38644,TRUE
21321234,79561,TRUE
21321235,91446,TRUE
21321236,98272,TRUE
21321237,17275,TRUE
21321238,36411,TRUE
21321239,42178,TRUE
21321240,82663,TRUE
21321241,49205,TRUE
21321242,37172,TRUE
21321243,33952,TRUE
21321244,18267,TRUE
21321245,3643,TRUE
21321246,42319,TRUE
21321247,18892,TRUE
21321248,42178,TRUE
21321249,18675,TRUE
21321250,17275,TRUE
21321251,68875,TRUE
21321252,72386,TRUE
21321253,29214,TRUE
21321254,65386,TRUE
21321255,95558,TRUE
21321256,21386,TRUE
21321257,64859,TRUE
21321258,18267,TRUE
21321259,27762,TRUE
21321260,19737,TRUE
21321261,13029,TRUE
21321262,63837,TRUE
21321263,72565,TRUE
21321264,25035,TRUE
21321265,48213,TRUE
21321266,9550,TRUE
21321267,56148,TRUE
21321268,26765,TRUE
21321269,37593,TRUE
21321270,38755,TRUE
21321271,26765,TRUE
21321272,35579,TRUE
21321273,63621,TRUE
21321274,69825,TRUE
21321275,47954,TRUE
21321276,92464,TRUE
21321277,26765,TRUE
21321278,49719,TRUE
21321279,37432,TRUE
21321280,18675,TRUE
21321281,90032,TRUE
21321282,17275,TRUE
21321283,41809,TRUE
21321284,15187,TRUE
21321285,8284,TRUE
21321286,91446,TRUE
21321287,98272,TRUE
21321288,32355,TRUE
21321289,62494,TRUE
21321290,37229,TRUE
21321291,29842,TRUE
21321292,74770,TRUE
21321293,93354,TRUE
21321294,62836,TRUE
21321295,7246,TRUE
21321296,12331,TRUE
21321297,4741,TRUE
21321298,8203,TRUE
21321299,94438,TRUE
21321300,95110,TRUE
21321301,22011,TRUE
21321302,63945,TRUE
21321303,53882,TRUE
21321304,924,TRUE
21321305,7264,TRUE
21321306,99083,TRUE
21321307,7609,TRUE
21321308,62486,TRUE
21321309,98272,TRUE
21321310,64830,TRUE
21321311,87698,TRUE
21321312,92029,TRUE
21321313,62486,TRUE
21321314,15275,TRUE
21321315,60073,TRUE
21321316,98272,TRUE
21321317,96052,TRUE
21321318,18493,TRUE
21321319,73417,TRUE
21321320,11829,TRUE
21321321,93881,TRUE
21321322,47759,TRUE
21321323,44229,TRUE
21321324,56451,TRUE
21321325,73205,TRUE
21321326,56451,TRUE
21321327,72414,TRUE
21321328,85435,TRUE
21321329,73271,TRUE
21321330,90032,TRUE
21321331,4138,TRUE
21321332,18381,TRUE
21321333,50512,TRUE
21321334,93881,TRUE
21321335,39477,TRUE
21321336,73205,TRUE
21321337,27973,TRUE
21321338,77434,TRUE
21321339,86086,TRUE
21321340,78660,TRUE
21321341,31810,TRUE
21321342,82589,TRUE
21321343,38410,TRUE
21321344,97685,TRUE
21321345,78660,TRUE
21321346,91,TRUE
21321347,15402,TRUE
21321348,32895,TRUE
21321349,73271,TRUE
21321350,73219,TRUE
21321351,13202,TRUE
21321352,73987,TRUE
21321353,73271,TRUE
21321354,7954,TRUE
21321355,92170,TRUE
21321356,4111,TRUE
21321357,42178,TRUE
21321358,69319,TRUE
21321359,96803,TRUE
21321360,29620,TRUE
21321361,62956,TRUE
21321362,46045,TRUE
21321363,46045,TRUE
21321364,14646,TRUE
21321365,17712,TRUE
21321366,60920,TRUE
21321367,74770,TRUE
21321368,78953,TRUE
21321369,82894,TRUE
21321370,46835,TRUE
21321371,91318,TRUE
21321372,90516,TRUE
21321373,65919,TRUE
21321374,21560,TRUE
21321375,73234,TRUE
21321376,12331,TRUE
21321377,14646,TRUE
21321378,3617,TRUE
21321379,24340,TRUE
21321380,68350,TRUE
21321381,5364,TRUE
21321382,29214,TRUE
21321383,35398,TRUE
21321384,37038,TRUE
21321385,24340,TRUE
21321386,29214,TRUE
21321387,32895,TRUE
21321388,18107,TRUE
21321389,93711,TRUE
21321390,5868,TRUE
21321391,59566,TRUE
21321392,70469,TRUE
21321393,91013,TRUE
21321394,34799,TRUE
21321395,50512,TRUE
21321396,13772,TRUE
21321397,6440,TRUE
21321398,13453,TRUE
21321399,83294,TRUE
21321400,67598,TRUE
21321401,71256,TRUE
21321402,26981,TRUE
21321403,69319,TRUE
21321404,6440,TRUE
21321405,6112,TRUE
21321406,92897,TRUE
21321407,18044,TRUE
21321408,52663,TRUE
21321409,42178,TRUE
21321410,90535,TRUE
21321411,52663,TRUE
21321412,19569,TRUE
21321413,22533,TRUE
21321414,85072,TRUE
21321415,69413,TRUE
21321416,90035,TRUE
21321417,69584,TRUE
21321418,16544,TRUE
21321419,29463,TRUE
21321420,24954,TRUE
21321421,66442,TRUE
21321422,73527,TRUE
21321423,61529,TRUE
21321424,80904,TRUE
21321425,72196,TRUE
21321426,42356,TRUE
21321427,69297,TRUE
21321428,18679,TRUE
21321429,22905,TRUE
21321430,18679,TRUE
21321431,217,TRUE
21321432,99379,TRUE
21321433,42356,TRUE
21321434,21156,TRUE
21321435,18906,TRUE
21321436,77343,TRUE
21321437,76196,TRUE
21321438,13711,TRUE
21321439,41267,TRUE
21321440,7626,TRUE
21321441,29744,TRUE
21321442,97142,TRUE
21321443,11110,TRUE
21321444,60526,TRUE
21321445,23722,TRUE
21321446,11110,TRUE
21321447,42356,TRUE
21321448,55854,TRUE
21321449,68953,TRUE
21321450,80155,TRUE
21321451,57939,TRUE
21321452,99510,TRUE
21321453,99510,TRUE
21321454,91461,TRUE
21321455,42356,TRUE
21321456,44927,TRUE
21321457,59799,TRUE
21321458,73922,TRUE
21321459,73215,TRUE
21321460,3109,TRUE
21321461,981,TRUE
21321462,7626,TRUE
21321463,99510,TRUE
21321464,40051,TRUE
21321465,72784,TRUE
21321466,55854,TRUE
21321467,55854,TRUE
21321468,76291,TRUE
21321469,72204,TRUE
21321470,89943,TRUE
21321471,48784,TRUE
21321472,55854,TRUE
21321473,72204,TRUE
21321474,42356,TRUE
21321475,70454,TRUE
21321476,42356,TRUE
21321477,55854,TRUE
21321478,69117,TRUE
21321479,15064,TRUE
21321480,14834,TRUE
21321481,60526,TRUE
21321482,29744,TRUE
21321483,55854,TRUE
21321484,62788,TRUE
21321485,4705,TRUE
21321486,4705,TRUE
21321487,17275,TRUE
21321488,89453,TRUE
21321489,92897,TRUE
21321490,55854,TRUE
21321491,36146,TRUE
21321492,55854,TRUE
21321493,69480,TRUE
21321494,4705,TRUE
21321495,76926,TRUE
21321496,15064,TRUE
21321497,30032,TRUE
21321498,55156,TRUE
21321499,1356,TRUE
21321500,86075,TRUE
21321501,55854,TRUE
21321502,55854,TRUE
21321503,55854,TRUE
21321504,12745,TRUE
21321505,17275,TRUE
21321506,99510,TRUE
21321507,38891,TRUE
21321508,7580,TRUE
21321509,54860,TRUE
21321510,65041,TRUE
21321511,23781,TRUE
21321512,8909,TRUE
21321513,91223,TRUE
21321514,7519,TRUE
21321515,99298,TRUE
21321516,7246,TRUE
21321517,99730,TRUE
21321518,86645,TRUE
21321519,82557,TRUE
21321520,42356,TRUE
21321521,50512,TRUE
21321522,80282,TRUE
21321523,65,TRUE
21321524,42356,TRUE
21321525,6475,TRUE
21321526,77212,TRUE
21321527,79326,TRUE
21321528,60526,TRUE
21321529,89514,TRUE
21321530,10297,TRUE
21321531,82442,TRUE
21321532,57964,TRUE
21321533,4705,TRUE
21321534,23591,TRUE
21321535,61211,TRUE
21321536,54363,TRUE
21321537,35601,TRUE
21321538,33510,TRUE
21321539,4705,TRUE
21321540,59566,TRUE
21321541,98542,TRUE
21321542,4705,TRUE
21321543,13827,TRUE
21321544,26981,TRUE
21321545,10554,TRUE
21321546,67075,TRUE
21321547,91972,TRUE
21321548,60418,TRUE
21321549,73171,TRUE
21321550,89514,TRUE
21321551,74119,TRUE
21321552,77130,TRUE
21321553,12745,TRUE
21321554,92089,TRUE
21321555,82951,TRUE
21321556,3787,TRUE
21321557,61382,TRUE
21321558,19258,TRUE
21321559,81250,TRUE
21321560,29661,TRUE
21321561,70172,TRUE
21321562,15227,TRUE
21321563,91352,TRUE
21321564,46700,TRUE
21321565,9363,TRUE
21321566,7899,TRUE
21321567,52663,TRUE
21321568,22605,TRUE
21321569,32895,TRUE
21321570,78683,TRUE
21321571,11202,TRUE
21321572,11202,TRUE
21321573,78379,TRUE
21321574,17275,TRUE
21321575,94198,TRUE
21321576,52464,TRUE
21321577,78379,TRUE
21321578,72751,TRUE
21321579,95558,TRUE
21321580,22605,TRUE
21321581,67635,TRUE
21321582,14686,TRUE
21321583,99030,TRUE
21321584,53501,TRUE
21321585,68953,TRUE
21321586,79547,TRUE
21321587,15017,TRUE
21321588,6495,TRUE
21321589,43938,TRUE
21321590,18329,TRUE
21321591,93354,TRUE
21321592,33605,TRUE
21321593,94198,TRUE
21321594,34597,TRUE
21321595,6189,TRUE
21321596,36324,TRUE
21321597,92928,TRUE
21321598,34376,TRUE
21321599,82594,TRUE
21321600,22855,TRUE
21321601,61481,TRUE
21321602,97110,TRUE
21321603,36324,TRUE
21321604,28647,TRUE
21321605,81420,TRUE
21321606,37038,TRUE
21321607,79010,TRUE
21321608,32213,TRUE
21321609,95877,TRUE
21321610,90035,TRUE
21321611,79503,TRUE
21321612,19444,TRUE
21321613,33044,TRUE
21321614,16740,TRUE
21321615,81229,TRUE
21321616,91446,TRUE
21321617,85137,TRUE
21321618,69319,TRUE
21321619,84887,TRUE
21321620,63705,TRUE
21321621,14427,TRUE
21321622,31960,TRUE
21321623,17275,TRUE
21321624,92029,TRUE
21321625,92417,TRUE
21321626,28798,TRUE
21321627,33158,TRUE
21321628,52663,TRUE
21321629,4927,TRUE
21321630,33192,TRUE
21321631,91291,TRUE
21321632,38755,TRUE
21321633,38142,TRUE
21321634,9222,TRUE
21321635,76881,TRUE
21321636,29744,TRUE
21321637,51381,TRUE
21321638,50504,TRUE
21321639,80849,TRUE
21321640,88252,TRUE
21321641,10030,TRUE
21321642,20263,TRUE
21321643,19569,TRUE
21321644,11858,TRUE
21321645,6317,TRUE
21321646,5832,TRUE
21321647,6880,TRUE
21321648,91446,TRUE
21321649,86777,TRUE
21321650,15064,TRUE
21321651,91707,TRUE
21321652,50227,TRUE
21321653,38964,TRUE
21321654,20663,TRUE
21321655,75502,TRUE
21321656,20663,TRUE
21321657,59875,TRUE
21321658,65330,TRUE
21321659,61211,TRUE
21321660,20663,TRUE
21321661,40406,TRUE
21321662,83225,TRUE
21321663,78019,TRUE
21321664,85528,TRUE
21321665,68998,TRUE
21321666,20663,TRUE
21321667,68396,TRUE
21321668,90440,TRUE
21321669,84947,TRUE
21321670,17275,TRUE
21321671,85137,TRUE
21321672,68998,TRUE
21321673,10936,TRUE
21321674,59875,TRUE
21321675,65330,TRUE
21321676,17275,TRUE
21321677,68565,TRUE
21321678,84868,TRUE
21321679,56564,TRUE
21321680,75874,TRUE
21321681,76196,TRUE
21321682,94325,TRUE
21321683,92980,TRUE
21321684,41548,TRUE
21321685,95339,TRUE
21321686,63000,TRUE
21321687,59875,TRUE
21321688,4869,TRUE
21321689,60510,TRUE
21321690,11883,TRUE
21321691,65330,TRUE
21321692,5236,TRUE
21321693,89808,TRUE
21321694,29830,TRUE
21321695,23720,TRUE
21321696,62788,TRUE
21321697,82613,TRUE
21321698,47304,TRUE
21321699,22918,TRUE
21321700,81038,TRUE
21321701,26403,TRUE
21321702,85926,TRUE
21321703,14939,TRUE
21321704,82428,TRUE
21321705,59033,TRUE
21321706,83590,TRUE
21321707,98542,TRUE
21321708,10703,TRUE
21321709,44927,TRUE
21321710,29280,TRUE
21321711,11471,TRUE
21321712,89943,TRUE
21321713,17275,TRUE
21321714,14427,TRUE
21321715,79266,TRUE
21321716,70454,TRUE
21321717,60813,TRUE
21321718,44927,TRUE
21321719,26765,TRUE
21321720,51319,TRUE
21321721,44927,TRUE
21321722,77988,TRUE
21321723,29904,TRUE
21321724,89514,TRUE
21321725,89525,TRUE
21321726,11829,TRUE
21321727,85323,TRUE
21321728,51575,TRUE
21321729,52378,TRUE
21321730,88500,TRUE
21321731,59110,TRUE
21321732,26981,TRUE
21321733,4705,TRUE
21321734,36311,TRUE
21321735,96239,TRUE
21321736,35140,TRUE
21321737,21761,TRUE
21321738,94544,TRUE
21321739,2895,TRUE
21321740,21223,TRUE
21321741,5066,TRUE
21321742,63111,TRUE
21321743,95577,TRUE
21321744,98272,TRUE
21321745,89934,TRUE
21321746,10297,TRUE
21321747,37931,TRUE
21321748,20302,TRUE
21321749,5285,TRUE
21321750,29386,TRUE
21321751,84985,TRUE
21321752,92089,TRUE
21321753,49205,TRUE
21321754,60526,TRUE
21321755,78105,TRUE
21321756,98542,TRUE
21321757,65241,TRUE
21321758,49205,TRUE
21321759,55379,TRUE
21321760,10261,TRUE
21321761,49205,TRUE
21321762,80307,TRUE
21321763,57885,TRUE
21321764,49205,TRUE
21321765,9649,TRUE
21321766,34433,TRUE
21321767,21168,TRUE
21321768,42546,TRUE
21321769,51133,TRUE
21321770,23720,TRUE
21321771,64979,TRUE
21321772,80920,TRUE
21321773,48732,TRUE
21321774,14744,TRUE
21321775,5763,TRUE
21321776,92089,TRUE
21321777,9956,TRUE
21321778,37760,TRUE
21321779,341,TRUE
21321780,69713,TRUE
21321781,4705,TRUE
21321782,48888,TRUE
21321783,50004,TRUE
21321784,32458,TRUE
21321785,40616,TRUE
21321786,69790,TRUE
21321787,10213,TRUE
21321788,21168,TRUE
21321789,78105,TRUE
21321790,74774,TRUE
21321791,43076,TRUE
21321792,95630,TRUE
21321793,37712,TRUE
21321794,59150,TRUE
21321795,6880,TRUE
21321796,17275,TRUE
21321797,92426,TRUE
21321798,83242,TRUE
21321799,20953,TRUE
21321800,16231,TRUE
21321801,29931,TRUE
21321802,36049,TRUE
21321803,49205,TRUE
21321804,17218,TRUE
21321805,79266,TRUE
21321806,23582,TRUE
21321807,54892,TRUE
21321808,12855,TRUE
21321809,88862,TRUE
21321810,88862,TRUE
21321811,74369,TRUE
21321812,90098,TRUE
21321813,87300,TRUE
21321814,38410,TRUE
21321815,10554,TRUE
21321816,54218,TRUE
21321817,41034,TRUE
21321818,82533,TRUE
21321819,7265,TRUE
21321820,35679,TRUE
21321821,82867,TRUE
21321822,75917,TRUE
21321823,78601,TRUE
21321824,62613,TRUE
21321825,97967,TRUE
21321826,67952,TRUE
21321827,88149,TRUE
21321828,21967,TRUE
21321829,89943,TRUE
21321830,93881,TRUE
21321831,27633,TRUE
21321832,38302,TRUE
21321833,33173,TRUE
21321834,1175,TRUE
21321835,96015,TRUE
21321836,49205,TRUE
21321837,58209,TRUE
21321838,51046,TRUE
21321839,75917,TRUE
21321840,21967,TRUE
21321841,76291,TRUE
21321842,82533,TRUE
21321843,38783,TRUE
21321844,5557,TRUE
21321845,82867,TRUE
21321846,95302,TRUE
21321847,18344,TRUE
21321848,16793,TRUE
21321849,20416,TRUE
21321850,56163,TRUE
21321851,42178,TRUE
21321852,36411,TRUE
21321853,64329,TRUE
21321854,45289,FALSE
21321855,96492,FALSE
21321856,49205,FALSE
21321857,96210,FALSE
21321858,42747,FALSE
21321859,42476,FALSE
21321860,66884,FALSE
21321861,22700,FALSE
21321862,34597,FALSE
21321863,22324,FALSE
21321864,22324,FALSE
21321865,54603,TRUE
21321866,82589,FALSE
21321867,34597,FALSE
21321868,44379,FALSE
21321869,68578,FALSE
21321870,5557,FALSE
21321871,82576,FALSE
21321872,36605,FALSE
21321873,15718,FALSE
21321874,17275,TRUE
21321875,37132,FALSE
21321876,13772,FALSE
21321877,85435,FALSE
21321878,26765,FALSE
21321879,59566,FALSE
21321880,65919,FALSE
21321881,25473,FALSE
21321882,9363,FALSE
21321883,9363,FALSE
21321884,76473,FALSE
21321885,84100,FALSE
21321886,49957,FALSE
21321887,78042,FALSE
21321888,24340,FALSE
21321889,74211,TRUE
21321890,88815,FALSE
21321891,78836,FALSE
21321892,66172,FALSE
21321893,79698,FALSE
21321894,93794,FALSE
21321895,5963,FALSE
21321896,18344,TRUE
21321897,85691,FALSE
21321898,52841,FALSE
21321899,81229,FALSE
21321900,90572,FALSE
21321901,36278,FALSE
21321902,83200,FALSE
21321903,34122,FALSE
21321904,82894,FALSE
21321905,5310,FALSE
21321906,80749,FALSE
21321907,86210,FALSE
21321908,33192,FALSE
21321909,3978,FALSE
21321910,71725,FALSE
21321911,51575,FALSE
21321912,34464,FALSE
21321913,40046,FALSE
21321914,89802,FALSE
21321915,65398,FALSE
21321916,59117,FALSE
21321917,44336,FALSE
21321918,54603,TRUE
21321919,15315,FALSE
21321920,5709,FALSE
21321921,4129,FALSE
21321922,79547,FALSE
21321923,46837,FALSE
21321924,5525,FALSE
21321925,81229,FALSE
21321926,80738,FALSE
21321927,15014,FALSE
21321928,24714,FALSE
21321929,26247,FALSE
21321930,10291,FALSE
21321931,20663,TRUE
21321932,17348,FALSE
21321933,85435,FALSE
21321934,22777,FALSE
21321935,26361,FALSE
21321936,78654,FALSE
21321937,46859,FALSE
21321938,48833,FALSE
21321939,91972,TRUE
21321940,54959,FALSE
21321941,46700,FALSE
21321942,77233,FALSE
21321943,49912,FALSE
21321944,89769,FALSE
21321945,82867,FALSE
21321946,80749,FALSE
21321947,81711,FALSE
21321948,1657,FALSE
21321949,29766,FALSE
21321950,28103,FALSE
21321951,56791,FALSE
21321952,99419,FALSE
21321953,42170,FALSE
21321954,39340,FALSE
21321955,26765,FALSE
21321956,49205,FALSE
21321957,7285,FALSE
21321958,9313,FALSE
21321959,65767,FALSE
21321960,97142,FALSE
21321961,88164,FALSE
21321962,35579,FALSE
21321963,29910,FALSE
21321964,78324,FALSE
21321965,74923,FALSE
21321966,42178,FALSE
21321967,40046,FALSE
21321968,3028,FALSE
21321969,34376,FALSE
21321970,38131,FALSE
21321971,60399,FALSE
21321972,35333,FALSE
21321973,72120,FALSE
21321974,43076,FALSE
21321975,93050,FALSE
21321976,2054,FALSE
21321977,88862,FALSE
21321978,88862,FALSE
21321979,92089,FALSE
21321980,60884,FALSE
21321981,24340,FALSE
21321982,94643,FALSE
21321983,2538,FALSE
21321984,98913,FALSE
21321985,3430,FALSE
21321986,74369,FALSE
21321987,5357,FALSE
21321988,84548,FALSE
21321989,7889,FALSE
21321990,99379,FALSE
21321991,91740,FALSE
21321992,52663,FALSE
21321993,42880,FALSE
21321994,10940,FALSE
21321995,50616,FALSE
21321996,67371,FALSE
21321997,93050,FALSE
21321998,65866,FALSE
21321999,65818,FALSE
21322000,67321,FALSE
21322001,99379,FALSE
21322002,46008,FALSE
21322003,25921,FALSE
21322004,69360,FALSE
21322005,99588,FALSE
21322006,27356,FALSE
21322007,7569,FALSE
21322008,26765,FALSE
21322009,82589,FALSE
21322010,54603,TRUE
21322011,90924,FALSE
21322012,37654,FALSE
21322013,20663,FALSE
21322014,4129,FALSE
21322015,39967,FALSE
21322016,66172,FALSE
21322017,86725,FALSE
21322018,3659,FALSE
21322019,59804,FALSE
21322020,56500,FALSE
21322021,80749,FALSE
21322022,88389,FALSE
21322023,88389,FALSE
21322024,18344,TRUE
21322025,99021,FALSE
21322026,16433,FALSE
21322027,91013,FALSE
21322028,39967,FALSE
21322029,72341,FALSE
21322030,92089,FALSE
21322031,15842,FALSE
21322032,43938,FALSE
21322033,80345,FALSE
21322034,24688,FALSE
21322035,84548,FALSE
21322036,68380,FALSE
21322037,13767,FALSE
21322038,68380,FALSE
21322039,98913,FALSE
21322040,5832,FALSE
21322041,16793,FALSE
21322042,64493,FALSE
21322043,5868,FALSE
21322044,68953,FALSE
21322045,48056,FALSE
21322046,67952,FALSE
21322047,63131,FALSE
21322048,12197,FALSE
21322049,10030,FALSE
21322050,4705,TRUE
21322051,5388,FALSE
21322052,47252,FALSE
21322053,15842,FALSE
21322054,39253,TRUE
21322055,2842,TRUE
21322056,5525,FALSE
21322057,29074,FALSE
21322058,15842,FALSE
21322059,4705,TRUE
21322060,17366,FALSE
21322061,39253,TRUE
21322062,76239,TRUE
21322063,4705,TRUE
21322064,39253,TRUE
21322065,61935,FALSE
21322066,24335,FALSE
21322067,4705,TRUE
21322068,2092,FALSE
21322069,39253,TRUE
21322070,10226,FALSE
21322071,77791,FALSE
21322072,59856,FALSE
21322073,35917,TRUE
21322074,84290,FALSE
21322075,86011,FALSE
21322076,39253,FALSE
21322077,86964,FALSE
21322078,35917,TRUE
21322079,83294,FALSE
21322080,63050,FALSE
21322081,12878,FALSE
21322082,85177,FALSE
21322083,63050,FALSE
21322084,68380,FALSE
21322085,93947,FALSE
21322086,74211,TRUE
21322087,13239,FALSE
21322088,29931,FALSE
21322089,1613,FALSE
21322090,65330,TRUE
21322091,29719,FALSE
21322092,84699,FALSE
21322093,15371,FALSE
21322094,64372,FALSE
21322095,49205,FALSE
21322096,82370,FALSE
21322097,65241,TRUE
21322098,36700,TRUE
21322099,38353,FALSE
21322100,74433,FALSE
21322101,15402,FALSE
21322102,36700,FALSE
21322103,26765,FALSE
21322104,8787,TRUE
21322105,65330,TRUE
21322106,52603,FALSE
21322107,8754,FALSE
21322108,18390,FALSE
21322109,7672,FALSE
21322110,13772,FALSE
21322111,75917,TRUE
21322112,38337,TRUE
21322113,97774,FALSE
21322114,8549,FALSE
21322115,39522,FALSE
21322116,38337,TRUE
21322117,98542,FALSE
21322118,74453,FALSE
21322119,52496,FALSE
21322120,14769,FALSE
21322121,69555,FALSE
21322122,33688,FALSE
21322123,21386,FALSE
21322124,33688,FALSE
21322125,3736,FALSE
21322126,30156,FALSE
21322127,75917,TRUE
21322128,35140,FALSE
21322129,52897,TRUE
21322130,73480,FALSE
21322131,31644,FALSE
21322132,5809,FALSE
21322133,80072,FALSE
21322134,52897,TRUE
21322135,52897,TRUE
21322136,17232,FALSE
21322137,99021,FALSE
21322138,22484,FALSE
21322139,98374,FALSE
21322140,99379,FALSE
21322141,94514,FALSE
21322142,26765,FALSE
21322143,65728,FALSE
21322144,99021,FALSE
21322145,36107,FALSE
21322146,6035,FALSE
21322147,90245,FALSE
21322148,3978,FALSE
21322149,31403,FALSE
21322150,46700,FALSE
21322151,17666,FALSE
21322152,68998,FALSE
21322153,7478,FALSE
21322154,34433,FALSE
21322155,52603,FALSE
21322156,50897,FALSE
21322157,68953,FALSE
21322158,62988,TRUE
21322159,88962,FALSE
21322160,12644,FALSE
21322161,50839,FALSE
21322162,11911,TRUE
21322163,46910,FALSE
21322164,92089,FALSE
21322165,83837,FALSE
21322166,41700,FALSE
21322167,20198,FALSE
21322168,61326,FALSE
21322169,24618,FALSE
21322170,60073,FALSE
21322171,9244,FALSE
21322172,22118,FALSE
21322173,79883,FALSE
21322174,85137,FALSE
21322175,62988,TRUE
21322176,4129,FALSE
21322177,53041,TRUE
21322178,38984,FALSE
21322179,12663,FALSE
21322180,36700,TRUE
21322181,17275,FALSE
21322182,45959,FALSE
21322183,41212,FALSE
21322184,10291,FALSE
21322185,32527,FALSE
21322186,38388,FALSE
21322187,36929,FALSE
21322188,32527,FALSE
21322189,17275,TRUE
21322190,64076,FALSE
21322191,13772,FALSE
21322192,87184,FALSE
21322193,36159,FALSE
21322194,49716,FALSE
21322195,58280,FALSE
21322196,91628,FALSE
21322197,56355,FALSE
21322198,53041,TRUE
21322199,38337,TRUE
21322200,48982,TRUE
21322201,89943,TRUE
21322202,28573,FALSE
21322203,42178,FALSE
21322204,50487,FALSE
21322205,46837,FALSE
21322206,74505,FALSE
21322207,64820,FALSE
21322208,4129,FALSE
21322209,24340,FALSE
21322210,26765,FALSE
21322211,27327,FALSE
21322212,71378,TRUE
21322213,64329,FALSE
21322214,71378,TRUE
21322215,47360,FALSE
21322216,36991,FALSE
21322217,98669,FALSE
21322218,71378,TRUE
21322219,74505,FALSE
21322220,35249,FALSE
21322221,38337,TRUE
21322222,81977,FALSE
21322223,6834,FALSE
21322224,9319,FALSE
21322225,38337,TRUE
21322226,66652,FALSE
21322227,64616,FALSE
21322228,74782,FALSE
21322229,86075,FALSE
21322230,22906,FALSE
21322231,95377,FALSE
21322232,36700,TRUE
21322233,42178,FALSE
21322234,73152,FALSE
21322235,26059,FALSE
21322236,66916,FALSE
21322237,4129,FALSE
21322238,55738,FALSE
21322239,64433,FALSE
21322240,47771,FALSE
21322241,77896,FALSE
21322242,65386,FALSE
21322243,66987,FALSE
21322244,13772,FALSE
21322245,38337,TRUE
21322246,96409,FALSE
21322247,11021,FALSE
21322248,56318,FALSE
21322249,53649,FALSE
21322250,33862,FALSE
21322251,45959,FALSE
21322252,91707,FALSE
21322253,38388,FALSE
21322254,92089,FALSE
21322255,16495,FALSE
21322256,86418,FALSE
21322257,64910,FALSE
21322258,99711,FALSE
21322259,25473,TRUE
21322260,86032,FALSE
21322261,42178,FALSE
21322262,75917,TRUE
21322263,29931,FALSE
21322264,37323,FALSE
21322265,14025,FALSE
21322266,49205,FALSE
21322267,70211,FALSE
21322268,4129,FALSE
21322269,7205,FALSE
21322270,31978,FALSE
21322271,49205,FALSE
21322272,39340,FALSE
21322273,58816,FALSE
21322274,22118,FALSE
21322275,17031,FALSE
21322276,60073,FALSE
21322277,58690,FALSE
21322278,17264,FALSE
21322279,72133,FALSE
21322280,18675,FALSE
21322281,72133,FALSE
21322282,22454,FALSE
21322283,15872,FALSE
21322284,22906,FALSE
21322285,49801,FALSE
21322286,92365,FALSE
21322287,81945,FALSE
21322288,16,FALSE
21322289,95186,FALSE
21322290,4997,FALSE
21322291,33367,FALSE
21322292,13148,FALSE
21322293,81550,FALSE
21322294,896,FALSE
21322295,65398,FALSE
21322296,60779,TRUE
21322297,51481,FALSE
21322298,25807,FALSE
21322299,37052,FALSE
21322300,56185,FALSE
21322301,87378,FALSE
21322302,18415,FALSE
21322303,23017,FALSE
21322304,18329,FALSE
21322305,23781,FALSE
21322306,51676,FALSE
21322307,99379,FALSE
21322308,76533,FALSE
21322309,57902,FALSE
21322310,71508,FALSE
21322311,60779,TRUE
21322312,57787,FALSE
21322313,12988,FALSE
21322314,64311,FALSE
21322315,56464,FALSE
21322316,72026,FALSE
21322317,64072,FALSE
21322318,30180,FALSE
21322319,84548,FALSE
21322320,24092,FALSE
21322321,30180,FALSE
21322322,31663,FALSE
21322323,49387,FALSE
21322324,49387,FALSE
21322325,10226,FALSE
21322326,13436,FALSE
21322327,5525,FALSE
21322328,90954,FALSE
21322329,42526,FALSE
21322330,99379,FALSE
21322331,32808,FALSE
21322332,7513,FALSE
21322333,49205,FALSE
21322334,7513,FALSE
21322335,39051,FALSE
21322336,21387,FALSE
21322337,25921,FALSE
21322338,40591,FALSE
21322339,31960,FALSE
21322340,49205,FALSE
21322341,86853,FALSE
21322342,42178,FALSE
21322343,65951,FALSE
21322344,49205,FALSE
21322345,68327,FALSE
21322346,80472,FALSE
21322347,41034,FALSE
21322348,56692,FALSE
21322349,18344,FALSE
21322350,82477,FALSE
21322351,84902,TRUE
21322352,65330,FALSE
21322353,76347,FALSE
21322354,49205,FALSE
21322355,96786,FALSE
21322356,33045,FALSE
21322357,5197,FALSE
21322358,22906,FALSE
21322359,41034,FALSE
21322360,58341,FALSE
21322361,50512,FALSE
21322362,2066,FALSE
21322363,88500,FALSE
21322364,24340,FALSE
21322365,15572,FALSE
21322366,22906,FALSE
21322367,10002,FALSE
21322368,59856,FALSE
21322369,7672,FALSE
21322370,65919,FALSE
21322371,95111,FALSE
21322372,65465,FALSE
21322373,49817,FALSE
21322374,24714,FALSE
21322375,30180,FALSE
21322376,42214,FALSE
21322377,47703,FALSE
21322378,4757,FALSE
21322379,18344,TRUE
21322380,78620,FALSE
21322381,68087,FALSE
21322382,31716,FALSE
21322383,4997,FALSE
21322384,53886,FALSE
21322385,94482,FALSE
21322386,47863,FALSE
21322387,4129,FALSE
21322388,43143,FALSE
21322389,92897,FALSE
21322390,90371,FALSE
21322391,36884,FALSE
21322392,19223,FALSE
21322393,81894,FALSE
21322394,61644,FALSE
21322395,76802,FALSE
21322396,62853,FALSE
21322397,65807,FALSE
21322398,97631,FALSE
21322399,74790,FALSE
21322400,73182,FALSE
21322401,41034,FALSE
21322402,85373,FALSE
21322403,8549,FALSE
21322404,84699,FALSE
21322405,99298,FALSE
21322406,71378,FALSE
21322407,7246,FALSE
21322408,56275,FALSE
21322409,90035,FALSE
21322410,78581,FALSE
21322411,39253,FALSE
21322412,2275,FALSE
21322413,4705,TRUE
21322414,4705,TRUE
21322415,96692,TRUE
21322416,99372,FALSE
21322417,38803,FALSE
21322418,4705,TRUE
21322419,91,FALSE
21322420,53041,FALSE
21322421,60779,TRUE
21322422,63467,FALSE
21322423,39502,FALSE
21322424,63916,FALSE
21322425,14834,FALSE
21322426,82879,FALSE
21322427,4705,TRUE
21322428,53041,FALSE
21322429,50897,FALSE
21322430,34434,FALSE
21322431,91881,FALSE
21322432,12855,FALSE
21322433,47860,FALSE
21322434,31978,FALSE
21322435,28675,FALSE
21322436,65361,FALSE
21322437,53041,TRUE
21322438,1017,TRUE
21322439,53041,TRUE
21322440,13772,FALSE
21322441,11911,TRUE
21322442,12855,FALSE
21322443,53041,TRUE
21322444,39360,FALSE
21322445,17712,FALSE
21322446,60779,FALSE
21322447,4705,TRUE
21322448,65702,FALSE
21322449,85032,FALSE
21322450,24618,FALSE
21322451,71577,FALSE
21322452,98913,FALSE
21322453,38803,FALSE
21322454,24340,FALSE
21322455,91972,TRUE
21322456,25732,FALSE
21322457,38388,FALSE
21322458,4705,TRUE
21322459,79938,FALSE
21322460,65241,TRUE
21322461,33938,FALSE
21322462,23694,FALSE
21322463,9828,FALSE
21322464,75917,TRUE
21322465,71549,FALSE
21322466,22612,FALSE
21322467,39528,FALSE
21322468,12855,FALSE
21322469,75933,FALSE
21322470,10219,FALSE
21322471,64076,FALSE
21322472,79938,FALSE
21322473,87559,FALSE
21322474,68337,FALSE
21322475,17057,FALSE
21322476,23243,FALSE
21322477,25199,TRUE
21322478,68616,FALSE
21322479,77802,FALSE
21322480,89943,TRUE
21322481,25844,FALSE
21322482,37323,FALSE
21322483,22612,FALSE
21322484,50563,FALSE
21322485,82991,FALSE
21322486,23401,FALSE
21322487,16584,FALSE
21322488,38274,FALSE
21322489,62052,FALSE
21322490,55650,FALSE
21322491,53041,TRUE
21322492,71507,TRUE
21322493,26077,FALSE
21322494,77233,FALSE
21322495,63983,FALSE
21322496,9309,FALSE
21322497,11210,FALSE
21322498,46510,FALSE
21322499,9507,FALSE
21322500,48982,TRUE
21322501,42178,FALSE
21322502,71507,TRUE
21322503,76334,FALSE
21322504,48982,FALSE
21322505,81433,FALSE
21322506,9008,FALSE
21322507,44229,FALSE
21322508,96247,FALSE
21322509,71507,FALSE
21322510,63467,FALSE
21322511,18848,FALSE
21322512,1954,FALSE
21322513,90326,FALSE
21322514,67952,FALSE
21322515,94026,FALSE
21322516,28721,FALSE
21322517,56148,FALSE
21322518,58069,FALSE
21322519,73119,FALSE
21322520,97314,FALSE
21322521,57387,FALSE
21322522,1466,FALSE
21322523,71684,FALSE
21322524,29931,FALSE
21322525,65330,FALSE
21322526,36700,TRUE
21322527,64479,FALSE
21322528,1569,FALSE
21322529,57737,FALSE
21322530,86964,FALSE
21322531,59324,FALSE
21322532,981,FALSE
21322533,71441,FALSE
21322534,67049,FALSE
21322535,36700,TRUE
21322536,59539,FALSE
21322537,95786,FALSE
21322538,77233,FALSE
21322539,82477,FALSE
21322540,9292,TRUE
21322541,29568,FALSE
21322542,85369,FALSE
21322543,66409,FALSE
21322544,33167,FALSE
21322545,91247,FALSE
21322546,94747,FALSE
21322547,21386,FALSE
21322548,68856,FALSE
21322549,14006,FALSE
21322550,26981,FALSE
21322551,14006,FALSE
21322552,17304,FALSE
21322553,99379,FALSE
21322554,42560,FALSE
21322555,26503,FALSE
21322556,99379,FALSE
21322557,81894,TRUE
21322558,1746,FALSE
21322559,46464,FALSE
21322560,79698,FALSE
21322561,70989,FALSE
21322562,25361,FALSE
21322563,97285,FALSE
21322564,16793,FALSE
21322565,26503,FALSE
21322566,49440,FALSE
21322567,88783,FALSE
21322568,53599,FALSE
21322569,43816,FALSE
21322570,21769,FALSE
21322571,52496,FALSE
21322572,94722,FALSE
21322573,68998,FALSE
21322574,51319,FALSE
21322575,26503,FALSE
21322576,54572,TRUE
21322577,28639,FALSE
21322578,33192,FALSE
21322579,8111,FALSE
21322580,64535,FALSE
21322581,33256,FALSE
21322582,76725,FALSE
21322583,80068,FALSE
21322584,696,FALSE
21322585,7594,FALSE
21322586,49205,FALSE
21322587,41067,FALSE
21322588,15371,FALSE
21322589,86011,FALSE
21322590,52663,FALSE
21322591,15371,FALSE
21322592,23781,FALSE
21322593,99379,FALSE
21322594,83298,FALSE
21322595,1356,FALSE
21322596,17682,FALSE
21322597,60121,FALSE
21322598,15858,FALSE
21322599,11863,FALSE
21322600,33006,FALSE
21322601,52663,FALSE
21322602,34434,FALSE
21322603,22533,FALSE
21322604,43938,FALSE
21322605,31960,FALSE
21322606,67306,FALSE
21322607,99379,FALSE
21322608,14025,FALSE
21322609,51615,FALSE
21322610,42711,FALSE
21322611,38764,FALSE
21322612,49205,FALSE
21322613,29120,FALSE
21322614,77695,FALSE
21322615,12663,FALSE
21322616,71378,FALSE
21322617,39528,FALSE
21322618,50653,FALSE
21322619,71378,FALSE
21322620,71378,FALSE
21322621,65330,TRUE
21322622,49205,FALSE
21322623,18344,FALSE
21322624,95558,FALSE
21322625,49205,FALSE
21322626,53041,TRUE
21322627,53041,TRUE
21322628,71075,FALSE
21322629,35512,FALSE
21322630,82100,FALSE
21322631,49205,FALSE
21322632,78653,FALSE
21322633,65330,TRUE
21322634,57710,FALSE
21322635,77557,FALSE
21322636,87176,FALSE
21322637,72386,FALSE
21322638,31960,FALSE
21322639,34434,FALSE
21322640,79698,FALSE
21322641,76677,FALSE
21322642,78653,FALSE
21322643,14023,FALSE
21322644,6280,FALSE
21322645,15064,FALSE
21322646,70454,FALSE
21322647,90032,FALSE
21322648,83283,FALSE
21322649,40051,FALSE
21322650,34561,FALSE
21322651,34561,FALSE
21322652,74450,TRUE
21322653,72662,FALSE
21322654,91972,TRUE
21322655,1953,FALSE
21322656,28362,FALSE
21322657,46103,FALSE
21322658,13474,FALSE
21322659,99730,FALSE
21322660,67218,FALSE
21322661,36825,FALSE
21322662,58014,FALSE
21322663,6613,FALSE
21322664,17264,FALSE
21322665,98449,FALSE
21322666,17348,FALSE
21322667,53041,TRUE
21322668,19656,FALSE
21322669,49205,FALSE
21322670,65072,FALSE
21322671,94053,TRUE
21322672,53041,TRUE
21322673,99379,FALSE
21322674,82100,FALSE
21322675,21531,FALSE
21322676,99730,FALSE
21322677,49205,FALSE
21322678,30659,FALSE
21322679,35132,FALSE
21322680,53041,TRUE
21322681,29931,FALSE
21322682,68953,FALSE
21322683,7555,FALSE
21322684,12561,FALSE
21322685,40051,FALSE
21322686,603,FALSE
21322687,43509,FALSE
21322688,95630,FALSE
21322689,87559,FALSE
21322690,36622,FALSE
21322691,4621,FALSE
21322692,41264,FALSE
21322693,341,FALSE
21322694,62255,FALSE
21322695,46045,FALSE
21322696,20046,FALSE
21322697,72886,FALSE
21322698,71378,FALSE
21322699,13410,FALSE
21322700,7535,TRUE
21322701,49205,FALSE
21322702,60569,FALSE
21322703,8466,FALSE
21322704,13052,FALSE
21322705,14487,FALSE
21322706,5907,FALSE
21322707,32213,FALSE
21322708,63646,FALSE
21322709,67370,FALSE
21322710,62255,FALSE
21322711,39028,FALSE
21322712,32527,FALSE
21322713,59324,FALSE
21322714,91431,FALSE
21322715,45637,FALSE
21322716,76291,FALSE
21322717,62719,FALSE
21322718,53041,FALSE
21322719,13410,FALSE
21322720,46129,FALSE
21322721,45399,TRUE
21322722,42687,FALSE
21322723,79502,FALSE
21322724,38388,FALSE
21322725,97285,FALSE
21322726,41438,FALSE
21322727,38410,FALSE
21322728,91972,FALSE
21322729,39791,FALSE
21322730,84468,FALSE
21322731,25632,FALSE
21322732,70031,FALSE
21322733,22385,FALSE
21322734,15114,FALSE
21322735,91461,FALSE
21322736,39971,FALSE
21322737,26981,FALSE
21322738,88500,FALSE
21322739,28673,FALSE
21322740,53270,FALSE
21322741,84910,FALSE
21322742,95110,FALSE
21322743,33641,FALSE
21322744,66500,FALSE
21322745,1356,FALSE
21322746,38221,FALSE
21322747,22712,FALSE
21322748,43432,FALSE
21322749,22533,FALSE
21322750,17264,FALSE
21322751,49205,FALSE
21322752,20912,FALSE
21322753,40469,FALSE
21322754,40469,FALSE
21322755,72386,FALSE
21322756,58552,FALSE
21322757,7594,FALSE
21322758,67952,FALSE
21322759,58552,FALSE
21322760,45959,FALSE
21322761,81736,FALSE
21322762,49205,FALSE
21322763,49205,FALSE
21322764,46367,FALSE
21322765,13077,FALSE
21322766,94549,FALSE
21322767,73915,FALSE
21322768,70989,FALSE
21322769,93916,FALSE
21322770,29728,FALSE
21322771,29728,FALSE
21322772,42191,FALSE
21322773,12125,FALSE
21322774,86123,FALSE
21322775,10292,FALSE
21322776,35930,FALSE
21322777,68912,FALSE
21322778,77991,FALSE
21322779,23744,FALSE
21322780,44079,FALSE
21322781,44093,FALSE
21322782,76864,FALSE
21322783,73853,FALSE
21322784,79530,FALSE
21322785,46837,FALSE
21322786,53041,FALSE
21322787,53041,TRUE
21322788,12557,FALSE
21322789,49205,FALSE
21322790,94026,FALSE
21322791,65330,TRUE
21322792,11043,FALSE
21322793,96675,FALSE
21322794,47344,FALSE
21322795,33192,FALSE
21322796,6048,FALSE
21322797,33044,FALSE
21322798,53041,TRUE
21322799,79530,FALSE
21322800,34464,FALSE
21322801,29931,FALSE
21322802,91013,FALSE
21322803,49205,FALSE
21322804,62889,FALSE
21322805,49205,FALSE
21322806,8695,FALSE
21322807,40469,FALSE
21322808,85939,FALSE
21322809,22533,FALSE
21322810,4148,FALSE
21322811,49205,FALSE
21322812,44464,FALSE
21322813,22533,FALSE
21322814,39705,FALSE
21322815,11973,FALSE
21322816,16793,FALSE
21322817,44287,FALSE
21322818,704,FALSE
21322819,73933,FALSE
21322820,86444,FALSE
21322821,72565,FALSE
21322822,39385,FALSE
21322823,8549,FALSE
21322824,94348,FALSE
21322825,52212,FALSE
21322826,13827,FALSE
21322827,17304,FALSE
21322828,39528,FALSE
21322829,86378,FALSE
21322830,68350,FALSE
21322831,53041,FALSE
21322832,11580,FALSE
21322833,54009,FALSE
21322834,11265,FALSE
21322835,49205,FALSE
21322836,49205,FALSE
21322837,16,FALSE
21322838,59324,FALSE
21322839,53041,TRUE
21322840,10707,FALSE
21322841,44242,FALSE
21322842,88284,FALSE
21322843,15778,FALSE
21322844,87934,FALSE
21322845,49205,FALSE
21322846,17304,FALSE
21322847,49205,FALSE
21322848,47183,FALSE
21322849,9423,FALSE
21322850,49205,FALSE
21322851,49205,FALSE
21322852,97900,FALSE
21322853,16532,FALSE
21322854,49205,FALSE
21322855,57997,FALSE
21322856,97925,FALSE
21322857,17666,FALSE
21322858,62052,FALSE
21322859,13410,FALSE
21322860,828,FALSE
21322861,12561,FALSE
21322862,48752,FALSE
21322863,49205,FALSE
21322864,71701,FALSE
21322865,43652,FALSE
21322866,8246,FALSE
21322867,87559,FALSE
21322868,42250,FALSE
21322869,44825,FALSE
21322870,8754,FALSE
21322871,62891,FALSE
21322872,70943,FALSE
21322873,21549,FALSE
21322874,81160,FALSE
21322875,33192,FALSE
21322876,81736,FALSE
21322877,56242,FALSE
21322878,8754,FALSE
21322879,98233,FALSE
21322880,79698,FALSE
21322881,94549,FALSE
21322882,8203,FALSE
21322883,97900,FALSE
21322884,12157,FALSE
21322885,52666,FALSE
21322886,33256,FALSE
21322887,21034,FALSE
21322888,49205,FALSE
21322889,49205,FALSE
21322890,31154,FALSE
21322891,17264,FALSE
21322892,22605,FALSE
21322893,12476,FALSE
21322894,67049,FALSE
21322895,88242,FALSE
21322896,12157,FALSE
21322897,85250,FALSE
21322898,49205,FALSE
21322899,89207,FALSE
21322900,54572,FALSE
21322901,49205,FALSE
21322902,87559,FALSE
21322903,43938,FALSE
21322904,49205,FALSE
21322905,49205,FALSE
21322906,55853,FALSE
21322907,49205,FALSE
21322908,49205,FALSE
21322909,49205,FALSE
21322910,52378,FALSE
21322911,59777,FALSE
21322912,52496,FALSE
21322913,8487,FALSE
21322914,49919,TRUE
21322915,91960,FALSE
21322916,79698,FALSE
21322917,89161,FALSE
21322918,42687,FALSE
21322919,49205,FALSE
21322920,90035,FALSE
21322921,61857,FALSE
21322922,76725,FALSE
21322923,73915,FALSE
21322924,70943,FALSE
21322925,59324,FALSE
21322926,828,FALSE
21322927,49205,FALSE
21322928,91972,FALSE
21322929,3115,FALSE
21322930,73915,FALSE
21322931,47801,FALSE
21322932,26765,FALSE
21322933,56710,FALSE
21322934,96553,FALSE
21322935,59348,FALSE
21322936,49205,FALSE
21322937,12063,FALSE
21322938,4129,FALSE
21322939,59324,FALSE
21322940,18874,FALSE
21322941,49205,FALSE
21322942,32268,FALSE
21322943,43575,FALSE
21322944,58892,FALSE
21322945,98233,FALSE
21322946,97278,FALSE
21322947,24094,FALSE
21322948,17304,FALSE
21322949,88962,FALSE
21322950,48752,FALSE
21322951,59324,FALSE
21322952,48376,FALSE
21322953,36411,FALSE
21322954,49205,FALSE
21322955,26765,FALSE
21322956,57737,FALSE
21322957,45289,FALSE
21322958,58892,FALSE
21322959,95750,FALSE
21322960,49205,FALSE
21322961,49205,FALSE
21322962,93881,FALSE
21322963,32186,FALSE
21322964,49205,FALSE
21322965,57997,FALSE
21322966,79275,FALSE
21322967,36830,FALSE
21322968,49205,FALSE
21322969,38648,FALSE
21322970,49205,FALSE
21322971,44459,FALSE
21322972,44459,FALSE
21322973,29931,FALSE
21322974,96553,FALSE
21322975,56239,FALSE
21322976,49205,FALSE
21322977,87559,FALSE
21322978,49205,FALSE
21322979,61669,FALSE
21322980,44459,FALSE
21322981,92441,FALSE
21322982,92441,FALSE
21322983,36929,FALSE
21322984,57737,FALSE
21322985,76725,FALSE
21322986,46367,FALSE
21322987,66332,FALSE
21322988,45959,FALSE
21322989,56710,FALSE
21322990,93711,FALSE
21322991,20194,FALSE
21322992,9842,FALSE
21322993,53732,FALSE
21322994,76725,FALSE
21322995,22995,FALSE
21322996,55315,FALSE
21322997,58892,FALSE
21322998,47605,FALSE
21322999,45827,FALSE
21323000,1931,FALSE
21323001,39385,FALSE
21323002,93711,FALSE
21323003,39705,FALSE
21323004,9842,FALSE
21323005,99653,FALSE
21323006,13148,FALSE
21323007,52378,FALSE
21323008,35743,FALSE
21323009,76725,FALSE
21323010,38109,FALSE
21323011,95110,FALSE
21323012,11973,TRUE
21323013,76725,FALSE
21323014,83613,FALSE
21323015,7246,FALSE
21323016,89161,FALSE
21323017,57737,FALSE
21323018,92441,FALSE
21323019,58892,FALSE
21323020,67302,FALSE
21323021,40376,FALSE
21323022,32268,FALSE
21323023,32268,FALSE
21323024,52571,FALSE
21323025,15030,FALSE
21323026,13720,FALSE
21323027,66605,FALSE
21323028,89888,FALSE
21323029,91013,FALSE
21323030,70454,FALSE
21323031,26981,FALSE
21323032,91972,TRUE
21323033,88162,FALSE
21323034,48752,FALSE
21323035,98259,FALSE
21323036,34246,FALSE
21323037,68998,FALSE
21323038,52378,FALSE
21323039,5859,FALSE
21323040,19378,FALSE
21323041,11863,FALSE
21323042,48376,FALSE
21323043,49919,TRUE
21323044,12476,FALSE
21323045,30264,FALSE
21323046,4039,FALSE
21323047,81780,FALSE
21323048,99679,FALSE
21323049,49919,TRUE
21323050,99679,FALSE
21323051,828,FALSE
21323052,5576,FALSE
21323053,38710,FALSE
21323054,63526,FALSE
21323055,49919,FALSE
21323056,4129,FALSE
21323057,12476,FALSE
21323058,33192,FALSE
21323059,4039,FALSE
21323060,6112,FALSE
21323061,72355,FALSE
21323062,36411,FALSE
21323063,20376,FALSE
21323064,47605,FALSE
21323065,58749,FALSE
21323066,79698,FALSE
21323067,79698,FALSE
21323068,26086,FALSE
21323069,98749,FALSE
21323070,91972,TRUE
21323071,4129,FALSE
21323072,90035,FALSE
21323073,75378,FALSE
21323074,15506,FALSE
21323075,50970,FALSE
21323076,19376,FALSE
21323077,33192,FALSE
21323078,76038,FALSE
21323079,89078,FALSE
21323080,54433,FALSE
21323081,82613,FALSE
21323082,10707,FALSE
21323083,12476,FALSE
21323084,14578,FALSE
21323085,36929,FALSE
21323086,43275,FALSE
21323087,6112,FALSE
21323088,49205,FALSE
21323089,44397,FALSE
21323090,50970,FALSE
21323091,1356,FALSE
21323092,79698,FALSE
21323093,83433,FALSE
21323094,38327,FALSE
21323095,26981,FALSE
21323096,65655,FALSE
21323097,62052,FALSE
21323098,89161,FALSE
21323099,16266,FALSE
21323100,26981,FALSE
21323101,14646,FALSE
21323102,15333,FALSE
21323103,79698,FALSE
21323104,22532,FALSE
21323105,76631,FALSE
21323106,79698,FALSE
21323107,95499,FALSE
21323108,14322,FALSE
21323109,49205,FALSE
21323110,603,FALSE
21323111,76725,FALSE
21323112,67715,FALSE
21323113,26765,FALSE
21323114,82613,FALSE
21323115,9329,FALSE
21323116,90465,FALSE
21323117,39677,FALSE
21323118,56710,FALSE
21323119,91972,TRUE
21323120,26765,FALSE
21323121,17591,FALSE
21323122,56710,FALSE
21323123,31960,FALSE
21323124,33086,FALSE
21323125,60121,FALSE
21323126,217,FALSE
21323127,33192,FALSE
21323128,30555,FALSE
21323129,26981,FALSE
21323130,88242,FALSE
21323131,91972,TRUE
21323132,79459,FALSE
21323133,49205,FALSE
21323134,29931,FALSE
21323135,15842,FALSE
21323136,60121,FALSE
21323137,94454,FALSE
21323138,9828,FALSE
21323139,45827,FALSE
21323140,71701,FALSE
21323141,67715,FALSE
21323142,62337,FALSE
21323143,2800,FALSE
21323144,27444,FALSE
21323145,67327,FALSE
21323146,35610,FALSE
21323147,4129,FALSE
21323148,11973,FALSE
21323149,55531,FALSE
21323150,55531,FALSE
21323151,3194,FALSE
21323152,23017,TRUE
21323153,17348,FALSE
21323154,17348,FALSE
21323155,22532,FALSE
21323156,91972,TRUE
21323157,79698,FALSE
21323158,55972,FALSE
21323159,83283,FALSE
21323160,93881,FALSE
21323161,95558,FALSE
21323162,35437,FALSE
21323163,89412,FALSE
21323164,40238,FALSE
21323165,62875,FALSE
21323166,72355,FALSE
21323167,36929,FALSE
21323168,23396,FALSE
21323169,17712,FALSE
21323170,31960,FALSE
21323171,35895,FALSE
21323172,2311,FALSE
21323173,50970,FALSE
21323174,36929,FALSE
21323175,50653,FALSE
21323176,4129,FALSE
21323177,49815,FALSE
21323178,36929,FALSE
21323179,86760,FALSE
21323180,93881,FALSE
21323181,91013,FALSE
21323182,1931,FALSE
21323183,36929,FALSE
21323184,22532,FALSE
21323185,26306,FALSE
21323186,49014,FALSE
21323187,46837,FALSE
21323188,7594,FALSE
21323189,36929,FALSE
21323190,36929,FALSE
21323191,67675,FALSE
21323192,36929,FALSE
21323193,3194,FALSE
21323194,91677,FALSE
21323195,36929,FALSE
21323196,14322,FALSE
21323197,26981,FALSE
21323198,50584,FALSE
21323199,62052,FALSE
21323200,79698,FALSE
21323201,95499,FALSE
21323202,99333,FALSE
21323203,60121,FALSE
21323204,58691,FALSE
21323205,69392,FALSE
21323206,32186,FALSE
21323207,90035,FALSE
21323208,42668,FALSE
21323209,12063,FALSE
21323210,20465,FALSE
21323211,3115,FALSE
21323212,43078,FALSE
21323213,43078,FALSE
21323214,96610,FALSE
21323215,25373,FALSE
21323216,49919,TRUE
21323217,43078,FALSE
21323218,39705,FALSE
21323219,36929,FALSE
21323220,31659,FALSE
21323221,49919,TRUE
21323222,29931,FALSE
21323223,62966,FALSE
21323224,95499,FALSE
21323225,79698,FALSE
21323226,59248,FALSE
21323227,49205,FALSE
21323228,17763,FALSE
21323229,9456,FALSE
21323230,91972,TRUE
21323231,15576,FALSE
21323232,32763,FALSE
21323233,80964,FALSE
21323234,76725,FALSE
21323235,17163,FALSE
21323236,49205,FALSE
21323237,38109,FALSE
21323238,62052,FALSE
21323239,88242,FALSE
21323240,28269,FALSE
21323241,84985,FALSE
21323242,29931,FALSE
21323243,72386,FALSE
21323244,26765,FALSE
21323245,40591,FALSE
21323246,57839,FALSE
21323247,20194,FALSE
21323248,36411,FALSE
21323249,88242,FALSE
21323250,97342,FALSE
21323251,70729,FALSE
21323252,14582,FALSE
21323253,8863,FALSE
21323254,25726,FALSE
21323255,52378,FALSE
21323256,29817,FALSE
21323257,88242,FALSE
21323258,93711,FALSE
21323259,46367,FALSE
21323260,30643,FALSE
21323261,79698,FALSE
21323262,11863,FALSE
21323263,26981,FALSE
21323264,91972,FALSE
21323265,1356,FALSE
21323266,89931,FALSE
21323267,94047,FALSE
21323268,13720,FALSE
21323269,56239,FALSE
21323270,72355,FALSE
21323271,55127,FALSE
21323272,11863,FALSE
21323273,88242,FALSE
21323274,45959,FALSE
21323275,59777,FALSE
21323276,79698,FALSE
21323277,49919,TRUE
21323278,96704,FALSE
21323279,11863,FALSE
21323280,28647,FALSE
21323281,77130,TRUE
21323282,4129,FALSE
21323283,25726,FALSE
21323284,25932,TRUE
21323285,96553,FALSE
21323286,87013,FALSE
21323287,96704,FALSE
21323288,25932,TRUE
21323289,26765,FALSE
21323290,65211,FALSE
21323291,45488,FALSE
21323292,43078,FALSE
21323293,88505,FALSE
21323294,76725,FALSE
21323295,87081,FALSE
21323296,57903,FALSE
21323297,43078,FALSE
21323298,59777,FALSE
21323299,58209,FALSE
21323300,58973,FALSE
21323301,62891,FALSE
21323302,25726,FALSE
21323303,25083,FALSE
21323304,79530,FALSE
21323305,81977,FALSE
21323306,14646,FALSE
21323307,7313,FALSE
21323308,65855,FALSE
21323309,70454,FALSE
21323310,49919,TRUE
21323311,12476,FALSE
21323312,93225,FALSE
21323313,39273,FALSE
21323314,79698,FALSE
21323315,79698,FALSE
21323316,93881,FALSE
21323317,68998,FALSE
21323318,33641,FALSE
21323319,88242,FALSE
21323320,77130,TRUE
21323321,77130,TRUE
21323322,1084,FALSE
21323323,92441,FALSE
21323324,17348,FALSE
21323325,77130,TRUE
21323326,77130,TRUE
21323327,77130,TRUE
21323328,77130,TRUE
21323329,77130,TRUE
21323330,77130,TRUE
21323331,77130,TRUE
21323332,26981,FALSE
21323333,22142,FALSE
21323334,14508,FALSE
21323335,25932,TRUE
21323336,25932,TRUE
21323337,79698,FALSE
21323338,22532,FALSE
21323339,4129,FALSE
21323340,44397,FALSE
21323341,77130,TRUE
21323342,77130,TRUE
21323343,77130,TRUE
21323344,97629,FALSE
21323345,49205,FALSE
21323346,29931,FALSE
21323347,44668,FALSE
21323348,96553,FALSE
21323349,49205,FALSE
21323350,86760,FALSE
21323351,48866,FALSE
21323352,12383,FALSE
21323353,92441,FALSE
21323354,45827,FALSE
21323355,57589,FALSE
21323356,91828,FALSE
21323357,86197,FALSE
21323358,43078,FALSE
21323359,18874,FALSE
21323360,24454,FALSE
21323361,82113,FALSE
21323362,4039,FALSE
21323363,45827,FALSE
21323364,6112,FALSE
21323365,36411,FALSE
21323366,53732,FALSE
21323367,33790,FALSE
21323368,82113,FALSE
21323369,68266,FALSE
21323370,41828,FALSE
21323371,3597,FALSE
21323372,55813,FALSE
21323373,96757,FALSE
21323374,71193,FALSE
21323375,32690,FALSE
21323376,57903,FALSE
21323377,6112,FALSE
21323378,24454,FALSE
21323379,991,FALSE
21323380,76725,FALSE
21323381,33192,FALSE
21323382,217,FALSE
21323383,79698,FALSE
21323384,79698,FALSE
21323385,21945,FALSE
21323386,79698,FALSE
21323387,991,FALSE
21323388,57964,FALSE
21323389,17348,FALSE
21323390,13720,FALSE
21323391,77130,FALSE
21323392,53593,FALSE
21323393,86197,FALSE
21323394,99653,FALSE
21323395,51809,FALSE
21323396,51809,FALSE
21323397,30727,FALSE
21323398,61530,FALSE
21323399,44599,FALSE
21323400,26981,FALSE
21323401,53303,FALSE
21323402,54702,FALSE
21323403,93881,FALSE
21323404,51474,FALSE
21323405,46790,FALSE
21323406,70989,FALSE
21323407,87938,FALSE
21323408,72355,FALSE
21323409,17348,FALSE
21323410,28279,FALSE
21323411,15371,FALSE
21323412,9842,FALSE
21323413,25653,FALSE
21323414,25103,FALSE
21323415,70899,TRUE
21323416,8863,FALSE
21323417,9595,FALSE
21323418,84548,FALSE
21323419,20465,FALSE
21323420,82613,FALSE
21323421,82613,FALSE
21323422,62746,FALSE
21323423,31960,FALSE
21323424,79530,FALSE
21323425,828,FALSE
21323426,12339,FALSE
21323427,42060,FALSE
21323428,26981,FALSE
21323429,13371,FALSE
21323430,17348,FALSE
21323431,57964,FALSE
21323432,92835,FALSE
21323433,34433,FALSE
21323434,77262,FALSE
21323435,30370,FALSE
21323436,32186,FALSE
21323437,77570,TRUE
21323438,84868,FALSE
21323439,17763,FALSE
21323440,43078,FALSE
21323441,32076,FALSE
21323442,30121,FALSE
21323443,30121,FALSE
21323444,49205,FALSE
21323445,84548,FALSE
21323446,81433,FALSE
21323447,49205,FALSE
21323448,41438,FALSE
21323449,53871,FALSE
21323450,33116,FALSE
21323451,79698,FALSE
21323452,70405,FALSE
21323453,40983,FALSE
21323454,70405,FALSE
21323455,70405,FALSE
21323456,88242,FALSE
21323457,17348,FALSE
21323458,10213,FALSE
21323459,30121,FALSE
21323460,93225,FALSE
21323461,30121,FALSE
21323462,59777,FALSE
21323463,60296,FALSE
21323464,38109,FALSE
21323465,9842,FALSE
21323466,3194,FALSE
21323467,17348,FALSE
21323468,23159,FALSE
21323469,33167,FALSE
21323470,93711,FALSE
21323471,75670,FALSE
21323472,11506,FALSE
21323473,95110,FALSE
21323474,56239,FALSE
21323475,47605,FALSE
21323476,29931,FALSE
21323477,50970,FALSE
21323478,42333,FALSE
21323479,85032,FALSE
21323480,4976,FALSE
21323481,25671,FALSE
21323482,25671,FALSE
21323483,19258,FALSE
21323484,50537,FALSE
21323485,1356,FALSE
21323486,7217,FALSE
21323487,41525,FALSE
21323488,47605,FALSE
21323489,15140,FALSE
21323490,18428,FALSE
21323491,36929,FALSE
21323492,49205,FALSE
21323493,60121,FALSE
21323494,6112,FALSE
21323495,51052,FALSE
21323496,1356,FALSE
21323497,26981,FALSE
21323498,3194,FALSE
21323499,17348,FALSE
21323500,76725,TRUE
21323501,76725,FALSE
21323502,62937,FALSE
21323503,49205,FALSE
21323504,92088,FALSE
21323505,70701,FALSE
21323506,62052,TRUE
21323507,62052,TRUE
21323508,62052,TRUE
21323509,99333,FALSE
21323510,75684,FALSE
21323511,32901,FALSE
21323512,32901,FALSE
21323513,32901,FALSE
21323514,91013,FALSE
21323515,71701,FALSE
21323516,94513,FALSE
21323517,11863,FALSE
21323518,62052,FALSE
21323519,70838,FALSE
21323520,93225,FALSE
21323521,4039,FALSE
21323522,4039,FALSE
21323523,17348,FALSE
21323524,10697,FALSE
21323525,53202,FALSE
21323526,6984,FALSE
21323527,828,FALSE
21323528,57903,FALSE
21323529,17348,FALSE
21323530,57964,FALSE
21323531,57964,FALSE
21323532,92443,FALSE
21323533,8942,TRUE
21323534,59324,FALSE
21323535,17348,FALSE
21323536,26981,FALSE
21323537,8942,TRUE
21323538,8942,TRUE
21323539,8942,TRUE
21323540,8942,TRUE
21323541,8549,FALSE
21323542,48645,FALSE
21323543,90572,FALSE
21323544,50653,FALSE
21323545,57839,FALSE
21323546,71701,FALSE
21323547,19812,FALSE
21323548,828,FALSE
21323549,49205,FALSE
21323550,95499,FALSE
21323551,93711,FALSE
21323552,60381,FALSE
21323553,15858,FALSE
21323554,41354,TRUE
21323555,41354,TRUE
21323556,35930,FALSE
21323557,98777,FALSE
21323558,16266,FALSE
21323559,85032,FALSE
21323560,88549,FALSE
21323561,17348,FALSE
21323562,26765,FALSE
21323563,41354,TRUE
21323564,62052,FALSE
21323565,12729,FALSE
21323566,42546,FALSE
21323567,50493,FALSE
21323568,93881,FALSE
21323569,50493,FALSE
21323570,63526,FALSE
21323571,32186,FALSE
21323572,33192,FALSE
21323573,31030,FALSE
21323574,74727,FALSE
21323575,82477,FALSE
21323576,16266,TRUE
21323577,3659,FALSE
21323578,16266,TRUE
21323579,656,FALSE
21323580,31960,FALSE
21323581,50653,FALSE
21323582,25726,FALSE
21323583,77570,TRUE
21323584,52493,FALSE
21323585,15371,FALSE
21323586,63526,FALSE
21323587,82477,FALSE
21323588,50493,FALSE
21323589,13371,FALSE
21323590,15140,FALSE
21323591,13371,FALSE
21323592,50493,FALSE
21323593,9603,FALSE
21323594,57997,FALSE
21323595,35930,FALSE
21323596,17348,FALSE
